id,repo,sha,verdad,prediccion,mensaje,archivos,n_archivos,lineas_agregadas,lineas_borradas
angular/angular-cli@00f21d3a12bd2669c96f3a255df2f60d712820c9,angular/angular-cli,00f21d3a12bd2669c96f3a255df2f60d712820c9,refactor,fix,removed unused lint comment (#4950),packages/@angular/cli/blueprints/ng/files/protractor.conf.js,1,0,1
angular/angular-cli@33656f7aa8d345ad4916d4d900795e038d58ca68,angular/angular-cli,33656f7aa8d345ad4916d4d900795e038d58ca68,fix,feat,allow custom registry for node package task,etc/api/angular_devkit/schematics/tools/index.d.ts | packages/angular_devkit/schematics/tasks/node-package/executor.ts | packages/angular_devkit/schematics/tasks/node-package/options.ts | packages/angular_devkit/schematics/tools/workflow/node-workflow.ts,4,11,3
angular/angular-cli@479bfd4fa73d78893af50dd922b080d357fb1549,angular/angular-cli,479bfd4fa73d78893af50dd922b080d357fb1549,fix,feat,"initialize the DI tokens with `null` to avoid requiring them to be set to optional

This commit initializes the `REQUEST`, `RESPONSE_INIT`, and `REQUEST_CONTEXT` DI tokens with `null` values by default.

Previously, these tokens lacked default values, which meant that developers had to explicitly mark them as optional when injecting them in constructors. This was necessary to avoid errors when these tokens were not provided, particularly in scenarios like client-side rendering or during development.

By initializing these tokens with `null`, we eliminate the need for developers to mark them as optional, simplifying the code and improving the developer experience.",goldens/public-api/angular/ssr/tokens/index.api.md | packages/angular/ssr/tokens/src/tokens.ts,2,50,7
angular/angular-cli@58ca30b1e7ace139285c0a350da80e6451432bc4,angular/angular-cli,58ca30b1e7ace139285c0a350da80e6451432bc4,fix,feat,"update `@angular-devkit/build-ng-packagr` when migrating

Closes #12642",packages/schematics/angular/migrations/migration-collection.json | packages/schematics/angular/migrations/update-7/devkit-ng-packagr.ts | packages/schematics/angular/migrations/update-7/devkit-ng-packagr_spec.ts | packages/schematics/angular/migrations/update-7/index.ts,4,91,0
angular/angular-cli@7d540113377d4496bb4eb3da77a5f3aa339228ec,angular/angular-cli,7d540113377d4496bb4eb3da77a5f3aa339228ec,refactor,fix,"update test runner to use proxess.exit instead of treekill

This fixes an issue on Linux CI that `ng serve` sub-process is not terminated properly when using tree-kill which causes the tests test process not to exit.",tests/legacy-cli/e2e/utils/test_process.ts,1,5,7
angular/angular-cli@8d8ba4f61fc07dd670b705c48e82cf63424b3cce,angular/angular-cli,8d8ba4f61fc07dd670b705c48e82cf63424b3cce,fix,feat,"allow overriding Vitest coverage `reportsDirectory` option

The Vitest `reportsDirectory` coverage option can now be customized via a `runnerConfig` configuration file.",packages/angular/build/src/builders/unit-test/runners/vitest/plugins.ts | packages/angular/build/src/builders/unit-test/tests/behavior/runner-config-vitest_spec.ts,2,70,12
angular/angular-cli@97c0cf86f5ded980c7a2aa9de37c1ec7da2486ae,angular/angular-cli,97c0cf86f5ded980c7a2aa9de37c1ec7da2486ae,refactor,fix,"add Jest test execution to Jest builder

This runs Jest on the outputs of the built test files and reports the results of the test execution. It depends on `jest` and `jest-environment-jsdom` as optional peer deps validated in the builder, so there isn't a strict dependency on Jest for applications which don't use it.

Jest exports a `runJest()` function, however it can't be used directly because we need to opt-in to `--experimental-vm-modules` in ordre to run Jest on native ESM JavaScript as produced by `browser-esbuild`. This means we need a Node subprocess in order to add this flag, because the `ng` command cannot add a Node flag to its own current execution. This unfortunately means we can't just `import * as jest from 'jest';` or even `require.resolve('jest')` because that returns the library entry point exporting `runJest()`, rather than a script which actually runs Jest on load. Fortunately, Jest exports it's `node_modules/.bin/jest` entry point from its `package.json` under `jest/bin/jest`, so we `require.resolve()` _that_ to get the path to the correct file.

Executing Jest is fairly straightforward, running on the output of the `browser-esbuild` execution with outputs streamed to the console. We opted to use JSDom over Domino in order to align with the existing Jest ecosystem.",packages/angular_devkit/build_angular/package.json | packages/angular_devkit/build_angular/src/builders/jest/index.ts | packages/angular_devkit/build_angular/src/builders/jest/schema.json,3,97,3
angular/angular-cli@9d6c1dad955d1a1b7a37acfb81d065de894c56c4,angular/angular-cli,9d6c1dad955d1a1b7a37acfb81d065de894c56c4,refactor,fix,"remove old worker_threads detection

We now don't support Node 10 hence `worker_threads` are always available.",packages/angular_devkit/build_angular/src/utils/action-executor.ts,1,3,18
angular/angular-cli@cabe95c5241e19614de3923fbc9d52494b91bea0,angular/angular-cli,cabe95c5241e19614de3923fbc9d52494b91bea0,refactor,fix,"pre-warm transformer worker pool and pass static options via workerData

Eagerly instantiate the worker pool in the JavaScriptTransformer constructor and set minThreads equal to maxThreads so worker threads are pre-warmed upfront during build context setup.

Pass global, static transformer options (sourcemap, thirdPartySourcemaps, advancedOptimizations, and jit) once during pool initialization via Piscina's workerData option instead of redundantly serializing them in per-file IPC task payloads.",packages/angular/build/src/tools/esbuild/javascript-transformer-worker.ts | packages/angular/build/src/tools/esbuild/javascript-transformer.ts,2,21,26
angular/angular-cli@cacb1273122f58004ca0a70fa1b033990c2a85c7,angular/angular-cli,cacb1273122f58004ca0a70fa1b033990c2a85c7,refactor,fix,fix dependencies and import paths for strict deps requirements,packages/angular/pwa/BUILD.bazel,1,1,3
nuxt/nuxt@0598aa0b89c19c7e1a1d623cb2cc6ac25af02ca2,nuxt/nuxt,0598aa0b89c19c7e1a1d623cb2cc6ac25af02ca2,fix,refactor,do not import nitro deps in builders (#34054),packages/nitro-server/src/index.ts | packages/nuxt/src/core/nuxt.ts | packages/schema/src/types/nuxt.ts | packages/vite/src/plugins/resolved-externals.ts | packages/webpack/src/configs/server.ts | packages/webpack/src/webpack.ts,6,36,49
nuxt/nuxt@3e0408bd895ce95409c9f000634fe8a3ccce22cc,nuxt/nuxt,3e0408bd895ce95409c9f000634fe8a3ccce22cc,fix,feat,expose `loadBuilder` error cause,packages/nuxt/src/core/builder.ts,1,2,2
nuxt/nuxt@4be430e13fe7d817ef4f0a805da2c00979f3f1b4,nuxt/nuxt,4be430e13fe7d817ef4f0a805da2c00979f3f1b4,feat,docs,pass nuxt instance to `getCachedData` (#26287),docs/3.api/2.composables/use-async-data.md | docs/3.api/2.composables/use-fetch.md | packages/nuxt/src/app/composables/asyncData.ts,3,6,6
nuxt/nuxt@864d2683ab6dd6f1eed16a772846f9b3f633c73b,nuxt/nuxt,864d2683ab6dd6f1eed16a772846f9b3f633c73b,feat,refactor,`addWebpackPlugin` and `addVitePlugin` utils (#368),packages/kit/src/module/utils.ts,1,91,2
nuxt/nuxt@9a035a15c5035e609ba20ef3106c79d733992e86,nuxt/nuxt,9a035a15c5035e609ba20ef3106c79d733992e86,refactor,feat,"within nuxt app, import directly from source file (#18902)",packages/nuxt/src/app/components/island-renderer.ts | packages/nuxt/src/app/components/layout.ts | packages/nuxt/src/app/components/nuxt-error-boundary.ts | packages/nuxt/src/app/components/nuxt-island.ts | packages/nuxt/src/app/components/nuxt-loading-indicator.ts | packages/nuxt/src/app/components/nuxt-root.vue | packages/nuxt/src/app/composables/component.ts | packages/nuxt/src/app/composables/head.ts | packages/nuxt/src/app/composables/index.ts | packages/nuxt/src/app/composables/payload.ts | packages/nuxt/src/app/entry.ts | packages/nuxt/src/app/index.ts | packages/nuxt/src/app/plugins/cross-origin-prefetch.client.ts | packages/nuxt/src/app/plugins/debug.ts | packages/nuxt/src/app/plugins/payload.client.ts | packages/nuxt/src/app/plugins/preload.server.ts | packages/nuxt/src/app/plugins/router.ts | packages/nuxt/src/components/runtime/server-component.ts | packages/nuxt/src/components/templates.ts | packages/nuxt/src/core/runtime/nitro/renderer.ts | packages/nuxt/src/head/runtime/composables.ts | packages/nuxt/src/head/runtime/lib/vueuse-head.plugin.ts | packages/nuxt/src/imports/presets.ts | packages/nuxt/src/pages/runtime/page.ts | packages/nuxt/src/pages/runtime/plugins/prefetch.client.ts | packages/nuxt/src/pages/runtime/plugins/router.ts | packages/nuxt/src/pages/runtime/router.options.ts | packages/nuxt/src/pages/runtime/validate.ts | test/bundle.test.ts,29,56,40
nuxt/nuxt@9e5a3cdc6f0fbee93e54d374f1dd5885317b37a3,nuxt/nuxt,9e5a3cdc6f0fbee93e54d374f1dd5885317b37a3,fix,refactor,"avoid redirect with different encoding and trailing slash (#4857)

Co-authored-by: Pooya Parsa <pyapar@gmail.com>",packages/nuxt/package.json | packages/nuxt/src/app/plugins/router.ts | packages/nuxt/src/pages/runtime/router.ts | packages/schema/package.json | packages/vite/package.json | packages/webpack/package.json | yarn.lock,7,16,16
nuxt/nuxt@9fe2541ca9d8b2363e1fcf0d72e2d1dee1a4e38e,nuxt/nuxt,9fe2541ca9d8b2363e1fcf0d72e2d1dee1a4e38e,fix,refactor,add `pkg-types` to dependencies,packages/schema/build.config.ts | packages/schema/package.json | pnpm-lock.yaml,3,4,5
nuxt/nuxt@bb4ed5e406fff579b14775129f6f8b481fd97543,nuxt/nuxt,bb4ed5e406fff579b14775129f6f8b481fd97543,fix,feat,add back default `baseUrl` in `tsconfig.json` (#21632),.github/workflows/ci.yml | package.json | packages/nuxi/src/utils/prepare.ts | packages/nuxt/src/components/module.ts | test/fixtures/basic-types/nuxt.config.ts | test/fixtures/basic-types/package.json | test/fixtures/minimal-types/package.json,7,27,48
nuxt/nuxt@c72093b1f2e6f6f7f2cab7d2e5af8fee3243906a,nuxt/nuxt,c72093b1f2e6f6f7f2cab7d2e5af8fee3243906a,fix,feat,separate routes for different suspense forks (#6275),packages/nuxt/src/app/components/nuxt-root.vue | packages/nuxt/src/app/composables/router.ts | packages/nuxt/src/pages/runtime/page.ts | packages/nuxt/src/pages/runtime/router.ts,4,41,28
nuxt/nuxt@dd12b243ffaf65efa807066d582ffd0af21f46c4,nuxt/nuxt,dd12b243ffaf65efa807066d582ffd0af21f46c4,refactor,fix,replace `runInNewContext` with AST walker,packages/nuxt/src/pages/utils.ts | packages/nuxt/test/is-serializable.test.ts,2,149,30
sveltejs/svelte@0236cf87e7fa8a4cb9c88dbf4ca0493a2d29bacb,sveltejs/svelte,0236cf87e7fa8a4cb9c88dbf4ca0493a2d29bacb,fix,feat,better support for top-level snippet declarations (#9898),packages/svelte/src/compiler/phases/3-transform/client/visitors/template.js | packages/svelte/tests/runtime-runes/samples/snippet-top-level/_config.js | packages/svelte/tests/runtime-runes/samples/snippet-top-level/main.svelte,3,23,1
sveltejs/svelte@212b60203f6e4983998d34775faa0b32e6a0d69c,sveltejs/svelte,212b60203f6e4983998d34775faa0b32e6a0d69c,feat,fix,"support HMR with custom elements (#12926)

closes https://github.com/sveltejs/svelte-hmr/issues/26",packages/svelte/src/compiler/phases/3-transform/client/transform-client.js,1,9,1
sveltejs/svelte@3c84c21a033636ae6fd3a65158a13847da833782,sveltejs/svelte,3c84c21a033636ae6fd3a65158a13847da833782,fix,refactor,improve controlled each block cleanup performance (#11839),packages/svelte/src/internal/client/dom/blocks/each.js | packages/svelte/src/internal/client/reactivity/effects.js | packages/svelte/src/internal/client/runtime.js,3,14,9
sveltejs/svelte@4715dfaad2562bd9074d3ff79fd775aeee4dc0a0,sveltejs/svelte,4715dfaad2562bd9074d3ff79fd775aeee4dc0a0,feat,fix,"migrate `Component` to `ComponentExports<typeof Component>` in TS (#13656)

Closes #13491

---------

Co-authored-by: Simon Holthausen <simon.holthausen@vercel.com>",packages/svelte/src/compiler/migrate/index.js | packages/svelte/tests/migrate/samples/component-type/input.svelte | packages/svelte/tests/migrate/samples/component-type/output.svelte,3,72,5
sveltejs/svelte@474c588067fa75f6785d9cfe5ac15ff8bbc829fe,sveltejs/svelte,474c588067fa75f6785d9cfe5ac15ff8bbc829fe,fix,feat,disallow `bind:group` to snippet parameters (#15401),documentation/docs/98-reference/.generated/compile-errors.md | packages/svelte/messages/compile-errors/template.md | packages/svelte/src/compiler/errors.js | packages/svelte/src/compiler/phases/2-analyze/visitors/BindDirective.js | packages/svelte/tests/validator/samples/bind-group-snippet-parameter/errors.json | packages/svelte/tests/validator/samples/bind-group-snippet-parameter/input.svelte,6,40,0
sveltejs/svelte@67bf7a80673ce9e1a6f5f5e7ab70be2b89a05690,sveltejs/svelte,67bf7a80673ce9e1a6f5f5e7ab70be2b89a05690,fix,feat,"correct start of `{:else if}` and `{:else}` (#12043)

The modern AST is an opportunity to tweak things. In the old AST, the start of else (if) branches was the content, now it's the opening bracket, which makes more sense.",packages/svelte/src/compiler/legacy.js | packages/svelte/src/compiler/phases/1-parse/state/tag.js | packages/svelte/tests/parser-modern/samples/if-block-else/input.svelte | packages/svelte/tests/parser-modern/samples/if-block-else/output.json | packages/svelte/tests/parser-modern/samples/if-block-elseif/input.svelte | packages/svelte/tests/parser-modern/samples/if-block-elseif/output.json | packages/svelte/tests/parser-modern/samples/if-block/input.svelte | packages/svelte/tests/parser-modern/samples/if-block/output.json,8,391,2
sveltejs/svelte@7719d0312ca27b9347a04290e94a6a9097fefe94,sveltejs/svelte,7719d0312ca27b9347a04290e94a6a9097fefe94,fix,refactor,"perf regression with async mode (#17461)

* perf: use Set for new_deps to avoid O(n) includes check

* only call revive() when batch is no longer deferred

* avoid unnecessary async tracking when blockers are already settled

* add changeset

* only record promises as settled after cleanup is complete

* don't flush when already flushing

* skip settled blockers more aggressively

* batch decrement and pending count updates to reduce flush pressure

* extract new_deps changes to a separate PR

* remove changeset that applies to the other branch

* mark promises as settled as they settle — at the end is too late to do any good

* remove unnecessary microtask

* extract batch changes to separate PR

* this too

* avoid assigning to parameter

* wrong promise added to settled_promises due to reassignment

* WIP

* WIP

* fix

* unused

* oops

* bad import

---------

Co-authored-by: Rich Harris <rich.harris@vercel.com>",packages/svelte/src/compiler/phases/3-transform/client/visitors/ConstTag.js | packages/svelte/src/internal/client/dom/blocks/async.js | packages/svelte/src/internal/client/dom/elements/attributes.js | packages/svelte/src/internal/client/reactivity/async.js | packages/svelte/src/internal/client/reactivity/effects.js | packages/svelte/src/internal/client/reactivity/types.d.ts | packages/svelte/src/internal/client/validate.js,7,86,50
sveltejs/svelte@bcf23cafcec9776af28c58bcb2a399e422b57b77,sveltejs/svelte,bcf23cafcec9776af28c58bcb2a399e422b57b77,fix,refactor,"expose `CompileError` interface, not class (#12255)

* refactor CompileError stuff

* changeset",packages/svelte/scripts/process-messages/templates/compile-errors.js | packages/svelte/src/compiler/errors.js | packages/svelte/src/compiler/index.js | packages/svelte/src/compiler/public.d.ts | packages/svelte/src/compiler/types/index.d.ts | packages/svelte/types/index.d.ts,6,35,43
sveltejs/svelte@bec7ca79186cbdbc40b6992b5a6188ad46a3a577,sveltejs/svelte,bec7ca79186cbdbc40b6992b5a6188ad46a3a577,fix,docs,"throw on invalid `{@tag}`s (#17256)

* throw on invalid `{@tag}`s

* fix",documentation/docs/98-reference/.generated/compile-errors.md | packages/svelte/messages/compile-errors/template.md | packages/svelte/src/compiler/errors.js | packages/svelte/src/compiler/phases/1-parse/state/tag.js,4,22,0
sveltejs/svelte@c7121aa38c26f5808a61767e4358ca87cfced2c4,sveltejs/svelte,c7121aa38c26f5808a61767e4358ca87cfced2c4,feat,fix,add type of `$effect.active` (#9624),packages/svelte/src/main/ambient.d.ts,1,22,0
vitejs/vite@00669e135ecfe7f8dbaddcee531efd368bdfa2d2,vitejs/vite,00669e135ecfe7f8dbaddcee531efd368bdfa2d2,feat,fix,allow initializing non-empty directory (#15272),packages/create-vite/src/index.ts,1,20,5
vitejs/vite@5a111cedf31f579e3b8c8af5c4442d2e0cd5aa12,vitejs/vite,5a111cedf31f579e3b8c8af5c4442d2e0cd5aa12,fix,refactor,replace chalk with picocolors (#6277),packages/vite/LICENSE.md | packages/vite/package.json | packages/vite/rollup.config.js | packages/vite/scripts/patchTypes.ts | packages/vite/src/node/build.ts | packages/vite/src/node/cli.ts | packages/vite/src/node/config.ts | packages/vite/src/node/logger.ts | packages/vite/src/node/optimizer/index.ts | packages/vite/src/node/optimizer/registerMissing.ts | packages/vite/src/node/optimizer/scan.ts | packages/vite/src/node/plugins/css.ts | packages/vite/src/node/plugins/esbuild.ts | packages/vite/src/node/plugins/importAnalysis.ts | packages/vite/src/node/plugins/reporter.ts | packages/vite/src/node/plugins/resolve.ts | packages/vite/src/node/server/hmr.ts | packages/vite/src/node/server/index.ts | packages/vite/src/node/server/middlewares/error.ts | packages/vite/src/node/server/middlewares/proxy.ts | packages/vite/src/node/server/middlewares/transform.ts | packages/vite/src/node/server/openBrowser.ts | packages/vite/src/node/server/pluginContainer.ts | packages/vite/src/node/server/transformRequest.ts | packages/vite/src/node/server/ws.ts | packages/vite/src/node/utils.ts | pnpm-lock.yaml,27,162,259
vitejs/vite@7ddbf96ae11bf0eeef97ffc00dcf5ac4c561cc20,vitejs/vite,7ddbf96ae11bf0eeef97ffc00dcf5ac4c561cc20,feat,fix,explicit the word boundary (#6876),packages/playground/assets/__tests__/assets.spec.ts | packages/playground/assets/index.html | packages/vite/src/node/plugins/html.ts,3,40,7
vitejs/vite@8a13d6337eea3e74d6a7abaaa7e1d378f5b9bc49,vitejs/vite,8a13d6337eea3e74d6a7abaaa7e1d378f5b9bc49,feat,docs,update rolldown to 1.1.1 (#22593),docs/package.json | package.json | packages/vite/package.json | playground/package.json | pnpm-lock.yaml,5,232,179
vitejs/vite@9e51a76b3fce27cb0a4a4ae558c4499e9dd540cd,vitejs/vite,9e51a76b3fce27cb0a4a4ae558c4499e9dd540cd,feat,fix,"exports `dynamicDeps` for ssrTransform, close #4898 (#4909)",packages/vite/src/node/server/transformRequest.ts | packages/vite/src/node/ssr/__tests__/ssrTransform.spec.ts | packages/vite/src/node/ssr/ssrTransform.ts,3,29,23
vitejs/vite@a0702a1e5e923112abda431770aea41146bdc451,vitejs/vite,a0702a1e5e923112abda431770aea41146bdc451,feat,fix,improve error when build output missing (#12096),packages/vite/src/node/preview.ts,1,16,1
vitejs/vite@ab967c097565f47003a4df32a57ae142857e890b,vitejs/vite,ab967c097565f47003a4df32a57ae142857e890b,feat,refactor,update esbuild to 0.18.2 (#13525),packages/vite/package.json | packages/vite/src/node/plugins/esbuild.ts | pnpm-lock.yaml,3,84,88
vitejs/vite@b529b6fa7d0c7707d0665e76cab78ae1f2422bcb,vitejs/vite,b529b6fa7d0c7707d0665e76cab78ae1f2422bcb,docs,feat,add `vitepress-plugin-group-icons` (#18132),docs/.vitepress/config.ts | docs/.vitepress/theme/index.ts | docs/config/server-options.md | docs/guide/api-javascript.md | docs/guide/api-plugin.md | docs/guide/backend-integration.md | docs/guide/build.md | docs/guide/dep-pre-bundling.md | docs/guide/env-and-mode.md | docs/guide/features.md | docs/guide/index.md | docs/guide/performance.md | docs/guide/ssr.md | docs/guide/static-deploy.md | docs/guide/using-plugins.md | docs/package.json | pnpm-lock.yaml,17,142,69
vitejs/vite@d23a493cc4b54a2e2b2c1337b3b1f0c9b1be311e,vitejs/vite,d23a493cc4b54a2e2b2c1337b3b1f0c9b1be311e,feat,docs,load postcss config within workspace root only (#18440),docs/config/shared-options.md | packages/vite/src/node/plugins/css.ts,2,5,3
vitejs/vite@fe4dc8d3fae2eb6344b9b48794d01ad25c46a321,vitejs/vite,fe4dc8d3fae2eb6344b9b48794d01ad25c46a321,feat,fix,customize ErrorOverlay (#10234),packages/vite/src/client/overlay.ts,1,23,19
vitest-dev/vitest@07ec3779aba22680ae1dd4cb83cd276354c8023f,vitest-dev/vitest,07ec3779aba22680ae1dd4cb83cd276354c8023f,fix,feat,prevent `reportsDirectory` from removing user's project (#5376),docs/config/index.md | packages/vitest/src/node/config.ts | test/config/test/failures.test.ts,3,50,0
vitest-dev/vitest@183e3b7c7fe35d6ff554fe83cbf3d25fa0cc441b,vitest-dev/vitest,183e3b7c7fe35d6ff554fe83cbf3d25fa0cc441b,fix,feat,cleaner compact error output (#266),packages/vitest/src/reporters/error.ts,1,31,17
vitest-dev/vitest@2118ba97b2570d0d06fdebba9afc815383b57e6d,vitest-dev/vitest,2118ba97b2570d0d06fdebba9afc815383b57e6d,refactor,fix,bold shortcuts help (#636),packages/vitest/src/node/stdin.ts,1,1,1
vitest-dev/vitest@263b7167236540677a112cf9b0bec925f812ebd2,vitest-dev/vitest,263b7167236540677a112cf9b0bec925f812ebd2,feat,fix,bump minimum node version to 18 and match Vite 5 requirement (#4296),packages/vite-node/package.json | packages/vitest/package.json | packages/ws-client/package.json | pnpm-lock.yaml,4,5,5
vitest-dev/vitest@85fce583abed8a99f8c5232781fa7d395a061e73,vitest-dev/vitest,85fce583abed8a99f8c5232781fa7d395a061e73,feat,refactor,rerun tasks,packages/ui/client/components/Navigation.vue | packages/ui/client/components/StatusIcon.vue | packages/ui/client/components/Suites.vue | packages/ui/client/components/TasksList.vue | packages/ui/client/composables/state.ts | packages/ui/client/utils.ts | packages/vitest/src/api/setup.ts | packages/vitest/src/api/types.ts | packages/vitest/src/integrations/snapshot/client.ts,9,47,77
vitest-dev/vitest@8d4a04eaeaf936261564ca8f683b47fd72a0f104,vitest-dev/vitest,8d4a04eaeaf936261564ca8f683b47fd72a0f104,feat,fix,use `mlly` to detect externalizing,package.json | pnpm-lock.yaml | src/node/execute.ts,3,9,1
vitest-dev/vitest@8ee59f0d9dff5c15e0fe27e555ed73346f465e20,vitest-dev/vitest,8ee59f0d9dff5c15e0fe27e555ed73346f465e20,fix,feat,show diff on `toContain/toMatch` assertion error (#5267),docs/api/expect.md | packages/expect/src/jest-expect.ts | test/core/test/__snapshots__/jest-expect.test.ts.snap | test/core/test/jest-expect.test.ts,4,82,24
vitest-dev/vitest@9dd26e269eb4edd1071199598449a3640fe7148a,vitest-dev/vitest,9dd26e269eb4edd1071199598449a3640fe7148a,docs,fix,"update nextjs example (#1174)

* fix next/image hostname error in nextjs

* update react 18 in nextjs example

* pnpm-lock.yaml",examples/nextjs/.gitignore | examples/nextjs/next.config.js | examples/nextjs/package.json | pnpm-lock.yaml,4,147,30
vitest-dev/vitest@c01c2ff06aadc2f91e1330ef8064c2a8759e3057,vitest-dev/vitest,c01c2ff06aadc2f91e1330ef8064c2a8759e3057,docs,fix,"set node to 20, update tsx (#4629)",netlify.toml | package.json | pnpm-lock.yaml,3,30,31
vitest-dev/vitest@e84e2184ef8ca78a3097eb7b666f81628a87ff6d,vitest-dev/vitest,e84e2184ef8ca78a3097eb7b666f81628a87ff6d,fix,refactor,"generate a separate config for ""vitest init browser"" instead of a workspace file (#7934)",packages/vitest/src/create/browser/creator.ts | test/cli/fixtures/browser-init/package.json | test/cli/test/init.test.ts,3,29,63
