id,estrato,repo,sha,declarada,repeticion_de
f3-0001,A,rust-lang/rustfmt,69c7dbcd5026b75dee78e4fd14fbe57ffd1d4e4e,,
f3-0002,A,rust-lang/rustfmt,96886cd67f1faa83bfb360c31c6614e1aea46bf7,,
f3-0003,A,hashicorp/hcl,ae8e4f9b5e46626425010f5e416f600a22db40fc,,
f3-0004,B,vitejs/vite,3d3c0b843559d3985d57bf3d939a71aa97d5883f,docs,
f3-0005,A,spf13/cobra,8f097506fc1b3b1d2834e5446c7b22feecf6a23d,,
f3-0006,B,vitest-dev/vitest,c766e5daf239f2e612f2618fd65696467fd652d3,fix,
f3-0007,A,hashicorp/hcl,71e25b33f0a5aca3ffd4da017ce75a8c824bb400,,
f3-0008,B,vitest-dev/vitest,49f34ec477c8ac70dc3487bc51ebe84d15019b47,feat,
f3-0009,B,angular/angular-cli,f03ff807b440bde880aff117ec816c07e12f6b06,refactor,
f3-0010,B,sveltejs/svelte,1681b218cf3b42757f7d0f0a7c0dc45a79fea6f0,docs,
f3-0011,A,hashicorp/hcl,2e6ea6c71ca674c58553fe70e91e7ef87405e10d,,
f3-0012,B,vitest-dev/vitest,6d64a3f6e64b4e4e7c3b50f6a3a5b932903951e7,docs,
f3-0013,A,hashicorp/hcl,c1350303b507e5d1dc0e5b4ebed11ad4cf72c86e,,
f3-0014,B,angular/angular-cli,327f649be9b3b69f57bad72af806378b87c45fac,feat,
f3-0015,A,rust-lang/rustfmt,89500fab0ed52c3260288068453dad908a5314e1,,
f3-0016,A,rust-lang/rustfmt,e780532239b391e19418707bbbc8b79c90bbb055,,
f3-0017,B,vitejs/vite,8c6cf4ae7f2935b9f85d7b66a8982c1f27fa15d0,refactor,
f3-0018,B,angular/angular-cli,7d57dd2f3e7d36cc4ed2c356f79139486790cbfa,feat,
f3-0019,A,python-poetry/poetry,c31864c25b3fe3e961e70093cf5d921cd4ebbf31,,
f3-0020,B,angular/angular-cli,81d057a37d622458f8029679fb6a52df76490195,refactor,
f3-0021,A,rust-lang/rustfmt,6a5ef17eb12e1599ac6e14e267eaa6a246488cc2,,
f3-0022,B,sveltejs/svelte,de609ec34cc0e6c5136cc056295fc175172d6a02,fix,
f3-0023,A,rust-lang/rustfmt,0332da01486508710f2a542111e40513bfb215aa,,
f3-0024,B,vitejs/vite,835249d7351242308dde429003764656a15a6b6e,refactor,
f3-0025,B,angular/angular-cli,7ffd3b303352f4909a850ebc64cd696d1925f588,refactor,
f3-0026,B,vitejs/vite,6f8a3206653127a1ca9e20880af117d3a7c4fadc,docs,
f3-0027,B,sveltejs/svelte,965afc5cccd6e3e3e284e3df08656fed0493d030,docs,
f3-0028,A,spf13/cobra,51b7cf57e102be20a09835264c9d92155d602532,,
f3-0029,A,python-poetry/poetry,92d39950567364c17537d2fe3ba454a349535620,,
f3-0030,B,angular/angular-cli,ce17094e0e335c8576b24b830e4808a0fae6a238,refactor,
f3-0031,B,angular/angular-cli,a1402d9f107c3ed09288f29c1482a3a22a03ac61,fix,
f3-0032,A,rust-lang/rustfmt,b3b6e2857ce4feeb58cdb42bffdc3c6bf825c2bc,,
f3-0033,B,nuxt/nuxt,026cf15613ff5eec61c3a5a936ebc066d253735e,docs,
f3-0034,A,spf13/cobra,fce8d8aeb08dc6afe413cc0af67a7fbb3cffec4c,,
f3-0035,A,hashicorp/hcl,1879551ff7763602dec6d4a2fc4bbc9e306e407b,,
f3-0036,A,rust-lang/rustfmt,e0e2f0db537904b0efa78a106384e62852b806f0,,
f3-0037,A,hashicorp/hcl,5c3a3da3cc8667b48f05c8e6d992e58c74a3e015,,
f3-0038,A,python-poetry/poetry,3d74ddf9b3a9bcbf655b39d26e37bee14a3559e6,,
f3-0039,B,sveltejs/svelte,3608b3c8691cf855ec2cdeb623b904d2b95eddcc,fix,
f3-0040,B,nuxt/nuxt,cc212cedc88a7a5fb834ccb50266eba68260ed92,refactor,
f3-0041,A,rust-lang/rustfmt,3adfb08afe3cb6a8c055e581dea87808464d1381,,
f3-0042,B,vitejs/vite,ff3eacfdf562d12f3f871653e05f34a7821c8894,docs,
f3-0043,B,sveltejs/svelte,16a40a8bcea44ff2ea8a062d20bc6e109bf65a22,fix,
f3-0044,B,vitest-dev/vitest,4c18df7847de6b5a9620278c7e3bf72f7bb701f8,docs,
f3-0045,B,angular/angular-cli,8e57db65186765ba61e848d727814d6004ddaf3c,fix,
f3-0046,A,spf13/cobra,1424b7b92743e634e20f611e99a495e411fa4732,,
f3-0047,A,hashicorp/hcl,3327dee5673a51b4c44c908170d0ca615d08cddb,,
f3-0048,A,hashicorp/hcl,83c32989a6aabf95603ed976fe1c5629fabe3c72,,
f3-0049,A,spf13/cobra,f9d34972c1fa7a8d3d4158ab46503a6e7a99e822,,
f3-0050,B,vitest-dev/vitest,715ec85c53e0144cb1547eea23345dab534dbfd6,fix,
f3-0051,B,nuxt/nuxt,26d0e1806183dbfb1a8d23c6d7dcf336fb74f51f,fix,
f3-0052,B,vitest-dev/vitest,efc8019f93c8ab922d2e0995792ef1335dc7b5d8,refactor,
f3-0053,B,vitejs/vite,a5c608d2a0b98fc7b121d9c5eb1a4b7238dfb74b,feat,
f3-0054,A,python-poetry/poetry,fb4628c3612beb942381deb024d0dc6924b7ee30,,
f3-0055,B,sveltejs/svelte,2ce2b7d98b66e34c794b290ac0dc7135a4a3bc2b,feat,
f3-0056,A,hashicorp/hcl,be7ce64449382fe45c058cd1253f1e762ce2dc2c,,
f3-0057,B,angular/angular-cli,6631720ec3ff4e2f15b781d9516d88314e1a5197,refactor,
f3-0058,A,python-poetry/poetry,0adbac0ff227a5de3a2111f83d571ed1935dd710,,
f3-0059,A,rust-lang/rustfmt,67edc325c6c35475593ac54d3704f474c09d059e,,
f3-0060,A,hashicorp/hcl,ebcb74e4b8f5eb39a04ab754b573057ecd6a1564,,
f3-0061,A,hashicorp/hcl,da4c96fbd52dcdccde265770b21f6e73a11f4077,,
f3-0062,A,hashicorp/hcl,cef803d9d2a7ff6fddbf696ef0ce1ec094edbd90,,
f3-0063,B,vitejs/vite,42993bb523de81120cd4450048b3e71ec2a37c2b,docs,
f3-0064,B,sveltejs/svelte,58baf80a70433a27a58bf5a642b4ccfd0c23349b,docs,
f3-0065,A,rust-lang/rustfmt,7229b26f14aaaa860b5658d7b12b91562ede0c1a,,
f3-0066,B,nuxt/nuxt,217e59ad96802e0bf0355d0c8ea9b496fb00ec0b,docs,
f3-0067,A,python-poetry/poetry,72497bcb66b5a1cc20e3aa95973c523a22b05bfa,,
f3-0068,A,hashicorp/hcl,e930f8e5febb8809b374767f94f85a88b816ba6f,,
f3-0069,A,spf13/cobra,cb9cf9469070d9291b2023105297e489189f0865,,
f3-0070,B,vitejs/vite,a6a76a7946bd4d4c68edd22eb0295f758ea48990,feat,
f3-0071,A,spf13/cobra,7cebca376187b9d853fbe0feb1f2d7799ae7c785,,
f3-0072,B,nuxt/nuxt,7cf191c1d668914904ab1126857b745754be343e,fix,
f3-0073,A,rust-lang/rustfmt,21f353a6373126035f9063780bdccb9dd191a2bb,,
f3-0074,B,vitejs/vite,6251a666555a42ae518e76af6011e9cb091e3028,fix,
f3-0075,B,nuxt/nuxt,576c34efe9a3dc48b6c965dc96b1cf26a2eea627,docs,
f3-0076,B,angular/angular-cli,49177151c8ea0d3618420b4f176f26f53477abf6,docs,
f3-0077,A,hashicorp/hcl,303be6113391cd39e05f26423d724e9bc4fb07f5,,
f3-0078,A,spf13/cobra,ed6206272dd7feec928364334e32a1055af28fe2,,
f3-0079,B,vitest-dev/vitest,8d4acb5b0784b6df805db0bcf59f37c2db8e8196,docs,
f3-0080,B,nuxt/nuxt,6329a681e41167c279b44dbcc9a4f1967b494289,refactor,
f3-0081,A,python-poetry/poetry,e2c1731f8d78488067ec84f1828840678b8118c3,,
f3-0082,A,python-poetry/poetry,9cf87a285a2d3fbb0b9fa621997b3acc3631ed24,,
f3-0083,B,sveltejs/svelte,88504ee90a4354222e6d8b0a3960fe935731c2c8,docs,
f3-0084,B,vitejs/vite,b7e0e42098dd2d42285a9d3c4f39c48a580367e7,feat,
f3-0085,B,angular/angular-cli,4cde9228df5118a6c743467c668b6b7c5fe73013,fix,
f3-0086,A,spf13/cobra,642c3c7a0edbb0242be3f380808df5474e377291,,
f3-0087,A,python-poetry/poetry,40f3c001f96249aa9d05a0ecb6b13d259af6a260,,
f3-0088,A,rust-lang/rustfmt,f62d730e5415f4bd09053ac90c8d6cd88c5489ea,,
f3-0089,B,vitejs/vite,b9871bbed57c5964b3393e798b0ef2526471d692,fix,
f3-0090,A,python-poetry/poetry,fcb47f2d120eda94d1b3a70d21dc571af5ea58ca,,
f3-0091,B,angular/angular-cli,f4875b967ae9ca5640cb27bfb37166528cab88d8,feat,
f3-0092,A,hashicorp/hcl,cec773f974919d4b041122eabb972b4dbc2452df,,
f3-0093,A,spf13/cobra,d7cfb134748502f60bc1797cd26fcc3e4eb4b927,,
f3-0094,B,nuxt/nuxt,ef39d2c9d9fa04b9c68af0b9940ab0e988769722,fix,
f3-0095,A,hashicorp/hcl,fef040699b5f60c45800f0a019c1d4cbee493c04,,
f3-0096,B,vitest-dev/vitest,68ed9dfbb66881e047bc970a6a738f0ee4124d54,feat,
f3-0097,A,spf13/cobra,471c9ac367820b3239e22f9379ad0b1f5f8a84a3,,
f3-0098,B,sveltejs/svelte,76baa078792f52df53ea302042c397cb84403f48,feat,
f3-0099,B,sveltejs/svelte,67cf3871b4fe4f0130406b6d1c1b51e26f155bb4,fix,
f3-0100,B,angular/angular-cli,c2ac8c07904dbd59f414839655058539a170814a,docs,
f3-0101,A,python-poetry/poetry,61f43e863a39b7ac989e696e0f4f2ecc4701f177,,
f3-0102,A,spf13/cobra,24bb44aac8fd4730262546161cac1cc7d2869b32,,
f3-0103,A,spf13/cobra,4b096512f336e4e469d23b8fbf596ba6c09c0838,,
f3-0104,A,hashicorp/hcl,764b0ad3c0342382ee3f20f702272c0b571e94ed,,
f3-0105,A,rust-lang/rustfmt,9c65db61bee3f4f47a8d889ea781902283c5b5bd,,
f3-0106,A,rust-lang/rustfmt,ea017d7f84e218c4a8048d2ecd9d63bbda014209,,
f3-0107,A,rust-lang/rustfmt,5d9a35050d2b77613e95dbbfa890dd6bfd832812,,
f3-0108,B,sveltejs/svelte,dfb675551413e9ac8bcaedebf736a73cecb94116,feat,
f3-0109,A,python-poetry/poetry,31465a4c5ed52df63fc114b202c04f4053f9a26a,,
f3-0110,B,vitest-dev/vitest,0bc512400ba0e42eadf3cd1a0568100b57abed05,feat,
f3-0111,A,spf13/cobra,3bd84ba55cd9056ba8380a99a88ae0cafca05cc8,,
f3-0112,B,angular/angular-cli,8e81c6aa959945716d2c58e7f870f1f2afa6d2a8,feat,
f3-0113,A,rust-lang/rustfmt,5fa2727ddeef534a7cd437f9e288c221a2cf0b6a,,
f3-0114,A,hashicorp/hcl,1bffcd38baeed86efb1ff4636e6091005d2fd1ea,,
f3-0115,B,nuxt/nuxt,ee2f568fc127834a48d8528fd035ce4d88e16db8,refactor,
f3-0116,A,spf13/cobra,ca8e3c2779b8cc6168ab6ffdf9c1f2ac65652404,,
f3-0117,A,python-poetry/poetry,cbc45909b54cd4030c1c7b50803e87fa43b210ce,,
f3-0118,A,hashicorp/hcl,74d03f3d37e6dcace46ea502da564bc59248f1f0,,
f3-0119,B,angular/angular-cli,71e87fc332175c0fe4abb8105bb0747db40c9238,refactor,
f3-0120,B,angular/angular-cli,330235230c680709b312d1b33ce16b0f482f0b84,refactor,
f3-0121,B,angular/angular-cli,335ab5fb334c2b9cecbd3c3c4622d7d698aa32ba,refactor,
f3-0122,B,nuxt/nuxt,232b14e2f9708463148b08d9124e98303c12e9f3,docs,
f3-0123,A,hashicorp/hcl,2cbe9e4128cfe39fe77b4fbcc8a1642ccb683195,,
f3-0124,B,nuxt/nuxt,50d46f068ad74c2e2f35cc6b7043552b1ae7e69d,docs,
f3-0125,A,spf13/cobra,41fd44e1df83ad6acd8e14b304d5f2a2ae1d62f5,,
f3-0126,A,hashicorp/hcl,fc57429f6341146bdc136dbbe5320312552553da,,
f3-0127,B,nuxt/nuxt,37a5d35a6d81c03bc30be96bc6635c16433410c3,feat,
f3-0128,B,nuxt/nuxt,a08b435f51a2e054a708eb5dae283f74b8874450,refactor,
f3-0129,B,vitest-dev/vitest,61eb7dd9c929e5a27312ed141d88cade5e0b6c3a,feat,
f3-0130,A,rust-lang/rustfmt,ac8ae0062544743aaea1719a34f299b66f2b7dc9,,
f3-0131,B,vitest-dev/vitest,30c06d4367030436f48e1266b5189ce4d3e04d45,feat,
f3-0132,B,nuxt/nuxt,8cb9efa980411757ffb2021e7d6aa940ba9f3c13,fix,
f3-0133,B,vitejs/vite,8048f900908009757bd20d13ee4af90ce15cd32c,refactor,
f3-0134,A,hashicorp/hcl,cfde516d3c3e84e8d40283959ce5954024021f1b,,
f3-0135,B,vitest-dev/vitest,d41e46a811b2a40ddb2722faeafce89959213549,fix,
f3-0136,A,hashicorp/hcl,adb8823497f803aa9c25157529cb392c116fb7e8,,
f3-0137,B,angular/angular-cli,123f74d19d96195e268fd48abf29008015a7c5ec,feat,
f3-0138,A,python-poetry/poetry,2aab9bcd495e11e5f4491aa72a9510773cc4a90e,,
f3-0139,B,angular/angular-cli,944cbcdb1af62855febc931fce92debf28a3b2a5,fix,
f3-0140,B,angular/angular-cli,ce9bf81598f07eb7c0742368488cd14c09525161,refactor,
f3-0141,A,rust-lang/rustfmt,88944668fec947339291d04e6f0b9c4392cea937,,
f3-0142,B,vitest-dev/vitest,7719e79ee5b36abeb8bf55e108dc049d5af27293,fix,
f3-0143,B,vitest-dev/vitest,92d098cf3cc17d4591afaec9b3206825b3cf45c4,refactor,
f3-0144,A,hashicorp/hcl,baeb59c710717b06aac1dbe2270e8192ec593244,,
f3-0145,B,vitest-dev/vitest,c3cc6d8063f925d455adcd8c51fcfc838f6365d1,feat,
f3-0146,A,spf13/cobra,09d5664f34e3f7571560e48ccb74c8904b671e87,,
f3-0147,A,hashicorp/hcl,360ae579460fab69e9939599af85c8f255a59007,,
f3-0148,B,vitejs/vite,dafff4ae6eabf22b7f08a582f3663eb8a08bfc32,fix,
f3-0149,A,rust-lang/rustfmt,7d9ee7558e5992bb0929302109c97a2e3c267c86,,
f3-0150,B,angular/angular-cli,fc1164b5fd0bde5cdcab568cd77c0841be8de777,refactor,
f3-0151,B,vitest-dev/vitest,1716b61c525aded9525f9f8324645ac6c30fc098,feat,
f3-0152,A,rust-lang/rustfmt,9eb78a33335b83073c90dd8b065c31f1fb958dcc,,
f3-0153,A,rust-lang/rustfmt,f5c782f321572e7eece7d42c51a049c1ae825b5a,,
f3-0154,B,angular/angular-cli,d3648f2a0c02b3bd20d8eb941a4ab873653920af,docs,
f3-0155,B,angular/angular-cli,e49079d971a4e3d0de878a376de663b5020fd6de,refactor,
f3-0156,A,hashicorp/hcl,e54a1960efd6cdfe35ecb8cc098bed33cd6001a8,,
f3-0157,B,nuxt/nuxt,3753ea0ead7b24d58468ccced96870251ea91fbf,feat,
f3-0158,B,vitest-dev/vitest,bf5ad951d23079ca91595e518af565ff3c190a4e,feat,
f3-0159,A,spf13/cobra,993cc5372a05240dfd59e3ba952748b36b2cd117,,
f3-0160,A,python-poetry/poetry,dfb4904813220566de31fd061e117bf916044841,,
f3-0161,B,vitest-dev/vitest,1497134e4bcc77e61fc73fbfc713547cc8b74ceb,fix,
f3-0162,A,python-poetry/poetry,e975b13012f2606a80387752751633a9401fd5cf,,
f3-0163,A,python-poetry/poetry,5b1f55e1e8b83f5d41eae67265ab63d453cf5288,,
f3-0164,B,angular/angular-cli,d5fed32096b59e6eb534157a1672e12a921c6d27,refactor,
f3-0165,B,nuxt/nuxt,446cec7234592815fc5cd3734c30eaa37cf90c10,docs,
f3-0166,B,vitejs/vite,80071b2b83f1d7d2e54eca7266b2b844d4a6757c,refactor,
f3-0167,B,vitejs/vite,af8ca602031daa99692fc2e29f9d6330409e4bc8,feat,
f3-0168,A,python-poetry/poetry,5fc50555354ebb3b0ddaa7615d88cd60a46622f6,,
f3-0169,A,hashicorp/hcl,0cffcbd1d0f79869fbbcf0b0e5a2a4ec28964f77,,
f3-0170,A,rust-lang/rustfmt,a6b574bfa7a301405b64d54e7576d001fb22b7db,,
f3-0171,B,vitest-dev/vitest,5b51bf188b5726619859ff17b089e74487dba8c0,refactor,
f3-0172,A,spf13/cobra,221bae39865086cc5d0cfbd0c0c4d9853552a9d5,,
f3-0173,B,sveltejs/svelte,49a09081f0e65c73aec521455886b8b7de8a6a80,fix,
f3-0174,B,nuxt/nuxt,e890c9a64ba14d9622a58254fef0f20623df44d9,docs,
f3-0175,A,spf13/cobra,b167d9beaa463cfb33a22bda30e8aa043b77eb5c,,
f3-0176,A,rust-lang/rustfmt,4b0ed96f2eed2e49da2cceba550732ce9e7e461e,,
f3-0177,B,vitest-dev/vitest,49631396843b8454ee88da0e360a354bb9aaa174,docs,
f3-0178,A,python-poetry/poetry,bab5ad0ed661479fcd29bb6f31570413bfbb62bf,,
f3-0179,B,vitest-dev/vitest,6d536ce88cb1840887d20db3685d6e5b0c343f0b,docs,
f3-0180,A,hashicorp/hcl,84d75d846acd361d53c4a90a41e9dab37bb72398,,
f3-0181,B,vitejs/vite,262b5ec7ae4981208339b7b87fefbd3dd8465851,fix,
f3-0182,A,spf13/cobra,c2e21bdc104f9ef54bba066ae12ccedd0ae13d73,,
f3-0183,A,python-poetry/poetry,3716ea9b0bd57317cd8101f26a01f0ee451b2b22,,
f3-0184,B,vitejs/vite,e38be3e6ca7bf79319d5d7188e1d347b1d6091ef,fix,
f3-0185,A,python-poetry/poetry,e4dad2295f77e4845520ac6a141ac2fc9899e686,,
f3-0186,B,nuxt/nuxt,17513f4130c4feed5b0ce535368bbb44d698979c,fix,
f3-0187,A,python-poetry/poetry,4f1b0f8a4371c13a0c42cb940c66a5d46b587992,,
f3-0188,A,rust-lang/rustfmt,e2feea47bc568748af4bf58ba3f7d317708cd93b,,
f3-0189,A,rust-lang/rustfmt,789a097a7142e098069e9203f9c2da16267d8826,,
f3-0190,A,rust-lang/rustfmt,457dc79a35242826860f40ee4d6e5623a4071a5b,,
f3-0191,B,angular/angular-cli,8cf1254307600f49f31e30562b4ca128cffbf51a,refactor,
f3-0192,B,sveltejs/svelte,b04c5bb398e53cf075f1f91e224ef837850a5a0e,fix,
f3-0193,A,rust-lang/rustfmt,539d4d96651b3516a92d2590aa276a121311b3c5,,
f3-0194,A,spf13/cobra,c2c23ac0bdd41359a2a0a0f055d8eea7f2320f8d,,
f3-0195,B,nuxt/nuxt,918977b74f99a624457b2a39bf275d560b307e7c,docs,
f3-0196,B,vitejs/vite,26d987232aad389733a7635b92122bb1d78dfcad,refactor,
f3-0197,B,nuxt/nuxt,2aa4daab92aa592fff71bad52f0393b6759bb7a1,feat,
f3-0198,B,vitejs/vite,e303c4e9395e6770b1f00104f28dee03e37c26ac,fix,
f3-0199,B,vitejs/vite,9aea20f4a190e0e1c7edc656361d636cd6ce642f,refactor,
f3-0200,A,spf13/cobra,2fea75b02e2e18fab31f754b0f014944b3d9e42d,,
f3-0201,B,nuxt/nuxt,b279849631e6de73119d0682383befb8fa5d01f9,fix,
f3-0202,B,nuxt/nuxt,20c5662946654f39d73b898f87738a27f13c20e8,feat,
f3-0203,B,nuxt/nuxt,be8f99cbbe8edc6d44f0d955fe8f0beaebe00cd6,docs,
f3-0204,A,rust-lang/rustfmt,613dfcc521e07088dbd72a8dcf484f002139f453,,
f3-0205,B,vitest-dev/vitest,fb4500bec244ef6d3a32c314e92ee82c17c3d2ea,fix,
f3-0206,B,vitejs/vite,e4bcd59b2549801e55bbf41a92bd295288e27d0d,fix,
f3-0207,B,vitejs/vite,5491143be0b4214d2dab91076a85739d6d106481,fix,
f3-0208,A,hashicorp/hcl,f27fc87d8f129c587e4e8ba5b8c55b12f20976c0,,
f3-0209,B,angular/angular-cli,ebf90b3d6a9637805a94e7abea2f94b50a7de8c5,refactor,
f3-0210,B,vitejs/vite,6a144636d0653c9bd94b06df1b63e418d9015e3f,docs,
f3-0211,B,nuxt/nuxt,259cbe7f5e2e5d2f12041382f8da5b7f9ec084dd,fix,
f3-0212,A,spf13/cobra,9ed1d713d619c428c8a8adcd13667d6b3f54b247,,
f3-0213,A,hashicorp/hcl,4cae6d33fae101b48f1a0da62fecc64698cad2ff,,
f3-0214,B,vitest-dev/vitest,86ffc8ac608e14f94429cefe09a85be6aaef5f94,feat,
f3-0215,A,spf13/cobra,48e6ac4718b3f139d3bb28ace54986ca6889d1ca,,
f3-0216,B,angular/angular-cli,a5962ac62f8cdbbecb5edba1cf1ed7307de58689,refactor,
f3-0217,A,hashicorp/hcl,b00a1b045df3b56feff054156a166aed98301945,,
f3-0218,B,angular/angular-cli,18226c6f57fdabc54ec24ac3542a6209347e9761,refactor,
f3-0219,B,angular/angular-cli,3faa3b4648329d8ca067af91c6d318783de7bb82,refactor,
f3-0220,B,vitejs/vite,6d2dcb494db9f40565f11b50bdbb8c1b7245697d,feat,
f3-0221,A,rust-lang/rustfmt,d165533813b9b001afd78578c2a648efd393d6fb,,
f3-0222,A,hashicorp/hcl,8617b7c8c480eab7ae8945a0156f64e2c8c5ff06,,
f3-0223,A,rust-lang/rustfmt,a44c7ea5923caa8f908ae0fdd6563033a7ad88da,,
f3-0224,B,angular/angular-cli,7f67c64be1b84d4927bce882cb37cf323688dccc,fix,
f3-0225,A,spf13/cobra,00b68a1c260eaf2b9bcb10a3178d36cec81548ca,,
f3-0226,A,rust-lang/rustfmt,fb0e449ab33861e3939ad80c6b61f47d99f86e8b,,
f3-0227,A,hashicorp/hcl,b91cdb9e929ce525b01aaa3053876394f148329f,,
f3-0228,B,vitejs/vite,27f691b0c7dca2259108fe6b79583b459429bf7f,refactor,
f3-0229,B,vitejs/vite,050e01fea73bdb8bc05b1977af5632479b7486ae,docs,
f3-0230,B,angular/angular-cli,bdcbd40633c24a2c76944d8bfd37794db3c7ee54,refactor,
f3-0231,B,angular/angular-cli,9db7abd6bf74c92c909bc831dc8101449d858f96,refactor,
f3-0232,B,nuxt/nuxt,36ad29a67c3dde97d93128b3f452d5b85c9e05da,docs,
f3-0233,A,spf13/cobra,91dbcb7ffee662057bde52378f2a79381b4aef6b,,
f3-0234,B,angular/angular-cli,9b364c5eda4c589e077f497daf09b0ff90edc917,docs,
f3-0235,B,angular/angular-cli,8e86184e5932dd234c2af078eb9b018c231b2504,fix,
f3-0236,B,angular/angular-cli,7bc2e396d339bfa596f5e3b38f3067249344bb93,refactor,
f3-0237,A,python-poetry/poetry,fd78fd5356e2336d0c769a5817ff800490724414,,
f3-0238,A,python-poetry/poetry,534bec508fc342d4102126d521f5650277ad3723,,
f3-0239,B,angular/angular-cli,c417f9ac621502c4d2f2ddc47aadb60bdea7901d,docs,
f3-0240,B,vitejs/vite,dbe1f4aeadfb9f927f8cd0eec95a32aeee9c3601,feat,
f3-0241,B,vitest-dev/vitest,0eda99de95e74438581bbefbcc37660ed3132478,fix,
f3-0242,A,hashicorp/hcl,2c9d84a2cbbe8a226f1148f2571e240864ae0786,,
f3-0243,B,angular/angular-cli,7c1eede7d8b41f85f791ed8df0cca3f69a0a485c,refactor,
f3-0244,A,spf13/cobra,4dab30cb33e6633c33c787106bafbfbfdde7842d,,
f3-0245,B,sveltejs/svelte,9cb9692aea3dbf2915c1b5bae0fd71add500a6b9,fix,
f3-0246,B,sveltejs/svelte,64c162c6b7586d529fca27209c63762fbcb0e615,docs,
f3-0247,A,spf13/cobra,6de96b849c2b94c84e613eabbefe087e495ae787,,
f3-0248,A,hashicorp/hcl,314d2366eadcbd243f2988a535587d7fea94442e,,
f3-0249,A,spf13/cobra,94e552d8d69cdf5460ec7b2b5da63199c15f33f8,,
f3-0250,B,vitejs/vite,15b90b389030fa01e18292a272409f0309f089ac,feat,
f3-0251,B,sveltejs/svelte,66a21552f64eea77a46e22a46eb46d4ff010d949,feat,
f3-0252,B,sveltejs/svelte,f5406c952ed446c131eeef3da152c345bd952568,fix,
f3-0253,A,spf13/cobra,442031e4ff6962f955d49d1b1336a9064704c2e3,,
f3-0254,B,angular/angular-cli,0459d80bee43a8d0d7cc26201b6647bcf0f07437,refactor,
f3-0255,A,python-poetry/poetry,c5e54ad3babd65ebc07deb0b2f878fa787fb7c23,,
f3-0256,A,spf13/cobra,eb3b6397b1b5d1b0a2cd66a9afe0520f480c0a87,,
f3-0257,A,python-poetry/poetry,ae4f98125cf8d7ae5cffb1fc2f9aaa453d657e7a,,
f3-0258,A,spf13/cobra,b1ec2ce1ad4e6e09b859c2420ecf3230275e58b7,,
f3-0259,A,python-poetry/poetry,99a8a45a941d587da581869a20ab31a78d819c6e,,
f3-0260,A,python-poetry/poetry,8b9cf463b1c9300a4cc8065b366a9b6fc68b5952,,
f3-0261,B,sveltejs/svelte,a51b3df4aa4184c6c025f9f20fb51ff11791b398,feat,
f3-0262,B,vitest-dev/vitest,b35f42dbceb10c92fc01aff5e89bcf378253c7a0,fix,
f3-0263,A,python-poetry/poetry,50360f2dc96881398b428a08bd9288c4cc447d4e,,
f3-0264,A,rust-lang/rustfmt,6ecf5b8e844e5d8a35a21b1901e461033da0b9fa,,
f3-0265,B,angular/angular-cli,49a09737d5412c302d09b40de198251bb99789d1,feat,
f3-0266,B,angular/angular-cli,a99018cd7bb66ee53026e06deae6a14455023910,refactor,
f3-0267,A,spf13/cobra,9e1d6f1c2aa8df64b6a6ba39e92517f68580d653,,
f3-0268,B,vitejs/vite,64ba807f25df82e51eeacbc11d525df75cf84235,feat,
f3-0269,A,spf13/cobra,fb02817f3c2930f6a29c18a046759de969290022,,
f3-0270,B,nuxt/nuxt,e0deb2cd13fea2642a4400855fe2607dbc9e48f5,feat,
f3-0271,B,angular/angular-cli,cc2651c360bbdc54ff1b8e2ae5a50a0a0e03c0ed,fix,
f3-0272,B,sveltejs/svelte,8ff2af52d3381504c26feb6c00da9fa8281bfb1a,fix,
f3-0273,A,python-poetry/poetry,3175fb04940dfc060ec9345c726092f11cd91df6,,
f3-0274,B,nuxt/nuxt,dacde630634700172ccd54a1e4f1d0469b28bd30,feat,
f3-0275,B,vitest-dev/vitest,7d028cb37d3e964a37899559b640bcb3a13acda7,docs,
f3-0276,B,sveltejs/svelte,8578857332c27005866661a22734b1bf2d83b69f,fix,
f3-0277,B,vitest-dev/vitest,4968883ef0e2c56e96e4a7a7e25fceb95f73fcff,docs,
f3-0278,B,angular/angular-cli,08753138d336fb870a66face70f5624ba64b4c69,feat,
f3-0279,A,python-poetry/poetry,77003f157c72dad63c2a2fe2f5a974b16818aaca,,
f3-0280,A,python-poetry/poetry,ed104cd05467352178a975b65bb9d9356ec830d1,,
f3-0281,A,hashicorp/hcl,94940f55d64616740a05722fc7869b003c2c1c16,,
f3-0282,A,python-poetry/poetry,10957d5a19bb2636b8825ebde8a0281030d8584c,,
f3-0283,B,vitejs/vite,461f6c422542c5ab35c91c5be11394431f491628,docs,
f3-0284,A,rust-lang/rustfmt,50dfd064eb9f6c666e8ed992d31e739df8398f6b,,
f3-0285,B,vitest-dev/vitest,1ffafc0878db61c92ace581b11d926e4699ca079,refactor,
f3-0286,B,vitest-dev/vitest,ff58b617016538b6fb8e12f3b7b25f7e0e3a6c40,refactor,
f3-0287,A,python-poetry/poetry,1b79503356938d4dae93c2062584331b0c53ea8c,,
f3-0288,B,nuxt/nuxt,7664d1d4579923e6f3eecfe9b475eaf6eeb09d04,refactor,
f3-0289,A,spf13/cobra,9e6b58afc70c60a6b3c8a0138fb25acc734d47e3,,
f3-0290,A,python-poetry/poetry,2f6a5534794fd6dbf818a3a0f056e3b45886bdb0,,
f3-0291,A,hashicorp/hcl,a4979284e5d451fb8e84bc73cf8883930bc812fe,,
f3-0292,A,spf13/cobra,90d2fd84ad44ae49f3541b38ed352b4603d35968,,
f3-0293,A,python-poetry/poetry,a25519e62dca280861a385a90830a8716f9ec98e,,
f3-0294,B,nuxt/nuxt,7e5869f4ef87c5fef6df5673e06dfd6e2e951745,docs,
f3-0295,A,python-poetry/poetry,96ffd5a28c2fa87b75bb4612c7606502b35c36c7,,
f3-0296,A,hashicorp/hcl,d8ae04bc78d34171ff8a8e14c1fb8158ff4a77d7,,
f3-0297,A,rust-lang/rustfmt,5e731273811e93e73462ccb54d561e6505329fd2,,
f3-0298,A,rust-lang/rustfmt,e4efa22983a676fc78dafc3d39ff81f062e72120,,
f3-0299,A,rust-lang/rustfmt,f0f449d6edda5a40057fc82ea02cc9abeae4d012,,
f3-0300,A,python-poetry/poetry,3b4ac3795f9f1a47aa80225494c6740bbbfab5b2,,
f3-0301,B,sveltejs/svelte,76baa078792f52df53ea302042c397cb84403f48,feat,f3-0098
f3-0302,A,rust-lang/rustfmt,0332da01486508710f2a542111e40513bfb215aa,,f3-0023
f3-0303,B,angular/angular-cli,f03ff807b440bde880aff117ec816c07e12f6b06,refactor,f3-0009
f3-0304,A,spf13/cobra,51b7cf57e102be20a09835264c9d92155d602532,,f3-0028
f3-0305,A,rust-lang/rustfmt,f62d730e5415f4bd09053ac90c8d6cd88c5489ea,,f3-0088
f3-0306,B,nuxt/nuxt,37a5d35a6d81c03bc30be96bc6635c16433410c3,feat,f3-0127
f3-0307,B,vitejs/vite,42993bb523de81120cd4450048b3e71ec2a37c2b,docs,f3-0063
f3-0308,A,rust-lang/rustfmt,e0e2f0db537904b0efa78a106384e62852b806f0,,f3-0036
f3-0309,B,sveltejs/svelte,88504ee90a4354222e6d8b0a3960fe935731c2c8,docs,f3-0083
f3-0310,B,nuxt/nuxt,50d46f068ad74c2e2f35cc6b7043552b1ae7e69d,docs,f3-0124
f3-0311,B,nuxt/nuxt,232b14e2f9708463148b08d9124e98303c12e9f3,docs,f3-0122
f3-0312,A,spf13/cobra,fce8d8aeb08dc6afe413cc0af67a7fbb3cffec4c,,f3-0034
f3-0313,B,sveltejs/svelte,2ce2b7d98b66e34c794b290ac0dc7135a4a3bc2b,feat,f3-0055
f3-0314,B,angular/angular-cli,7d57dd2f3e7d36cc4ed2c356f79139486790cbfa,feat,f3-0018
f3-0315,A,python-poetry/poetry,61f43e863a39b7ac989e696e0f4f2ecc4701f177,,f3-0101
f3-0316,B,vitejs/vite,3d3c0b843559d3985d57bf3d939a71aa97d5883f,docs,f3-0004
f3-0317,A,spf13/cobra,d7cfb134748502f60bc1797cd26fcc3e4eb4b927,,f3-0093
f3-0318,B,vitest-dev/vitest,49f34ec477c8ac70dc3487bc51ebe84d15019b47,feat,f3-0008
f3-0319,B,vitest-dev/vitest,30c06d4367030436f48e1266b5189ce4d3e04d45,feat,f3-0131
f3-0320,A,spf13/cobra,ca8e3c2779b8cc6168ab6ffdf9c1f2ac65652404,,f3-0116
f3-0321,A,hashicorp/hcl,cef803d9d2a7ff6fddbf696ef0ce1ec094edbd90,,f3-0062
f3-0322,A,hashicorp/hcl,fc57429f6341146bdc136dbbe5320312552553da,,f3-0126
f3-0323,A,spf13/cobra,24bb44aac8fd4730262546161cac1cc7d2869b32,,f3-0102
f3-0324,B,angular/angular-cli,330235230c680709b312d1b33ce16b0f482f0b84,refactor,f3-0120
f3-0325,A,hashicorp/hcl,ae8e4f9b5e46626425010f5e416f600a22db40fc,,f3-0003
f3-0326,B,angular/angular-cli,ce17094e0e335c8576b24b830e4808a0fae6a238,refactor,f3-0030
f3-0327,A,python-poetry/poetry,e2c1731f8d78488067ec84f1828840678b8118c3,,f3-0081
f3-0328,B,vitejs/vite,a5c608d2a0b98fc7b121d9c5eb1a4b7238dfb74b,feat,f3-0053
f3-0329,A,python-poetry/poetry,9cf87a285a2d3fbb0b9fa621997b3acc3631ed24,,f3-0082
f3-0330,A,rust-lang/rustfmt,3adfb08afe3cb6a8c055e581dea87808464d1381,,f3-0041
f3-0331,A,rust-lang/rustfmt,6a5ef17eb12e1599ac6e14e267eaa6a246488cc2,,f3-0021
f3-0332,A,rust-lang/rustfmt,88944668fec947339291d04e6f0b9c4392cea937,,f3-0141
f3-0333,B,angular/angular-cli,7ffd3b303352f4909a850ebc64cd696d1925f588,refactor,f3-0025
f3-0334,A,hashicorp/hcl,ebcb74e4b8f5eb39a04ab754b573057ecd6a1564,,f3-0060
f3-0335,B,nuxt/nuxt,a08b435f51a2e054a708eb5dae283f74b8874450,refactor,f3-0128
f3-0336,B,vitest-dev/vitest,68ed9dfbb66881e047bc970a6a738f0ee4124d54,feat,f3-0096
f3-0337,A,python-poetry/poetry,2aab9bcd495e11e5f4491aa72a9510773cc4a90e,,f3-0138
f3-0338,A,rust-lang/rustfmt,e780532239b391e19418707bbbc8b79c90bbb055,,f3-0016
f3-0339,A,hashicorp/hcl,1879551ff7763602dec6d4a2fc4bbc9e306e407b,,f3-0035
f3-0340,A,hashicorp/hcl,cfde516d3c3e84e8d40283959ce5954024021f1b,,f3-0134
f3-0341,B,angular/angular-cli,8e81c6aa959945716d2c58e7f870f1f2afa6d2a8,feat,f3-0112
f3-0342,B,vitest-dev/vitest,92d098cf3cc17d4591afaec9b3206825b3cf45c4,refactor,f3-0143
f3-0343,B,nuxt/nuxt,ee2f568fc127834a48d8528fd035ce4d88e16db8,refactor,f3-0115
f3-0344,B,vitest-dev/vitest,c3cc6d8063f925d455adcd8c51fcfc838f6365d1,feat,f3-0145
f3-0345,A,hashicorp/hcl,da4c96fbd52dcdccde265770b21f6e73a11f4077,,f3-0061
f3-0346,A,hashicorp/hcl,e930f8e5febb8809b374767f94f85a88b816ba6f,,f3-0068
f3-0347,A,python-poetry/poetry,72497bcb66b5a1cc20e3aa95973c523a22b05bfa,,f3-0067
f3-0348,B,angular/angular-cli,ce9bf81598f07eb7c0742368488cd14c09525161,refactor,f3-0140
f3-0349,B,angular/angular-cli,71e87fc332175c0fe4abb8105bb0747db40c9238,refactor,f3-0119
f3-0350,B,angular/angular-cli,327f649be9b3b69f57bad72af806378b87c45fac,feat,f3-0014
